<?xml version="1.0" encoding="UTF-8"?>
<root>
  <item name="cz.martykan.forecastie.models.ImmutableWeather cz.martykan.forecastie.models.Weather.WindDirection getWindDirection(int) 0">
    <annotation name="androidx.annotation.IntDef">
      <val name="value" val="{cz.martykan.forecastie.models.ImmutableWeather.WIND_DIRECTIONS_SIMPLE, cz.martykan.forecastie.models.ImmutableWeather.WIND_DIRECTIONS_ARROWS, cz.martykan.forecastie.models.ImmutableWeather.WIND_DIRECTIONS_MAX}" />
    </annotation>
  </item>
  <item name="cz.martykan.forecastie.models.ImmutableWeather.NumberOfWindDirections">
    <annotation name="androidx.annotation.IntDef">
      <val name="value" val="{cz.martykan.forecastie.models.ImmutableWeather.WIND_DIRECTIONS_SIMPLE, cz.martykan.forecastie.models.ImmutableWeather.WIND_DIRECTIONS_ARROWS, cz.martykan.forecastie.models.ImmutableWeather.WIND_DIRECTIONS_MAX}" />
    </annotation>
  </item>
</root>

